{"stat.useItem.sapturretmod.turret_crossbow":2,"stat.pickup.sapturretmod.ammo_tipped_bolt":12,"stat.leaveGame":4,"stat.jump":478,"stat.swimOneCm":5151,"stat.fallOneCm":10357,"stat.pickup.minecraft.gunpowder":2,"stat.pickup.minecraft.dirt":8,"stat.useItem.minecraft.dirt":2,"stat.useItem.minecraft.stone_slab2":10,"stat.pickup.minecraft.rotten_flesh":5,"stat.entityKilledBy.Spider":3,"stat.useItem.minecraft.egg":2,"stat.damageTaken":2445,"stat.pickup.minecraft.feather":2,"stat.pickup.minecraft.cobblestone":1,"stat.flyOneCm":142150,"stat.pickup.minecraft.wheat_seeds":7,"stat.drop.minecraft.wheat_seeds":2,"stat.entityKilledBy.Zombie":3,"stat.damageDealt":1525,"stat.timeSinceDeath":1374,"stat.mineBlock.minecraft.dirt":4,"stat.useItem.minecraft.spawn_egg":1,"stat.walkOneCm":42248,"stat.mineBlock.securitycraft.dirt_mine":1,"stat.mineBlock.minecraft.double_plant":11,"stat.killEntity.Creeper":1,"stat.entityKilledBy.Skeleton":2,"stat.useItem.srparasites.itemmobspawner_infpighead":1,"stat.sprintOneCm":51469,"stat.pickup.cgm.shotgun":1,"stat.killEntity.Chicken":1,"stat.killEntity.Spider":1,"stat.mobKills":10,"stat.useItem.srparasites.itemmobspawner_nak":1,"stat.deaths":10,"stat.drop":4,"stat.pickup.minecraft.egg":3,"stat.playOneMinute":38229,"stat.sneakTime":96,"stat.killEntity.Zombie":4,"stat.mineBlock.minecraft.tallgrass":47,"stat.diveOneCm":7195}