{"stat.mineBlock.quark.roots_white_flower":2,"stat.pickup.minecraft.bone":1,"stat.leaveGame":1,"stat.useItem.minecraft.glass_bottle":76,"stat.mineBlock.minecraft.cobblestone":7,"stat.useItem.minecraft.chicken":6,"stat.mineBlock.quark.roots_black_flower":1,"stat.useItem.minecraft.potion":66,"stat.useItem.minecraft.rotten_flesh":2,"stat.jump":973,"stat.swimOneCm":8069,"stat.pickup.minecraft.coal":27,"stat.fallOneCm":25609,"stat.pickup.minecraft.iron_ingot":1,"stat.useItem.minecraft.stone_axe":56,"stat.mineBlock.quark.roots":6,"stat.crouchOneCm":5310,"stat.craftItem.minecraft.iron_ingot":15,"stat.pickup.minecraft.dirt":11,"stat.useItem.minecraft.dirt":5,"stat.useItem.quark.root_flower":7,"stat.useItem.minecraft.stone_slab2":8,"stat.craftingTableInteraction":12,"stat.pickup.minecraft.iron_ore":30,"stat.pickup.minecraft.rotten_flesh":2,"stat.pickup.minecraft.sand":33,"stat.craftItem.minecraft.furnace":3,"stat.useItem.minecraft.egg":5,"stat.craftItem.minecraft.stone_axe":1,"stat.pickup.minecraft.wooden_pickaxe":1,"stat.damageTaken":465,"stat.pickup.minecraft.feather":11,"stat.pickup.minecraft.leather":2,"stat.craftItem.minecraft.stone_pickaxe":1,"stat.mineBlock.minecraft.furnace":2,"stat.useItem.minecraft.wooden_pickaxe":3,"stat.useItem.minecraft.furnace":1,"stat.pickup.minecraft.cobblestone":61,"stat.flyOneCm":145836,"stat.craftItem.minecraft.glass_bottle":18,"tombstone:undead_killed":2,"stat.pickup.minecraft.wheat_seeds":6,"stat.mineBlock.minecraft.sand":33,"stat.drop.minecraft.wheat_seeds":1,"stat.useItem.minecraft.stone_pickaxe":113,"stat.damageDealt":2789,"stat.craftItem.minecraft.glass":19,"stat.mineBlock.minecraft.iron_ore":30,"stat.timeSinceDeath":50481,"stat.killEntity.Cow":1,"stat.mineBlock.quark.roots_blue_flower":4,"stat.mineBlock.minecraft.dirt":9,"stat.walkOneCm":82576,"stat.useItem.minecraft.cobblestone":26,"stat.furnaceInteraction":29,"stat.mineBlock.minecraft.double_plant":1,"stat.useItem.minecraft.cooked_porkchop":4,"stat.mineBlock.minecraft.coal_ore":19,"stat.mineBlock.quark.stone_speleothem":1,"stat.pickup.srparasites.lurecomponent1":3,"stat.pickup.minecraft.log":6,"stat.pickup.minecraft.beef":1,"stat.pickup.quark.root_flower":7,"stat.pickup.minecraft.furnace":2,"stat.craftItem.minecraft.stone_slab2":0,"stat.pickup.minecraft.chicken":7,"stat.sprintOneCm":86288,"stat.craftItem.minecraft.stick":8,"stat.drop.minecraft.potion":2,"stat.killEntity.Skeleton":1,"stat.craftItem.minecraft.planks":24,"stat.killEntity.Chicken":7,"stat.mobKills":26,"stat.mineBlock.minecraft.log":6,"stat.useItem.minecraft.beef":1,"stat.drop":4,"stat.pickup.minecraft.egg":7,"stat.mineBlock.minecraft.leaves":1,"stat.playOneMinute":50481,"stat.sneakTime":2247,"stat.craftItem.minecraft.iron_pickaxe":1,"stat.killEntity.Zombie":1,"stat.drop.minecraft.glass_bottle":1,"stat.mineBlock.minecraft.stone":52,"stat.mineBlock.minecraft.tallgrass":40,"stat.diveOneCm":2485}