{"stat.useItem.minecraft.splash_potion":1,"stat.useItem.sapturretmod.turret_crossbow":2,"stat.pickup.sapturretmod.ammo_tipped_bolt":268,"stat.leaveGame":7,"stat.useItem.minecraft.glass_bottle":12,"stat.useItem.minecraft.potion":19,"stat.drop.minecraft.cooked_porkchop":38,"stat.jump":1368,"stat.swimOneCm":16766,"stat.pickup.minecraft.coal":22,"stat.fallOneCm":31603,"stat.useItem.minecraft.planks":6,"stat.climbOneCm":391,"stat.drop.minecraft.cobblestone":1,"stat.drop.minecraft.feather":3,"stat.useItem.minecraft.stone_axe":24,"stat.pickup.minecraft.gunpowder":2,"stat.pickup.minecraft.porkchop":5,"stat.crouchOneCm":2539,"stat.pickup.minecraft.dirt":9,"stat.useItem.minecraft.dirt":2,"stat.useItem.minecraft.stone_slab2":37,"stat.craftingTableInteraction":5,"stat.pickup.minecraft.iron_ore":5,"stat.pickup.minecraft.rotten_flesh":5,"stat.entityKilledBy.Spider":3,"stat.useItem.minecraft.egg":4,"stat.craftItem.minecraft.stone_axe":1,"stat.damageTaken":4043,"stat.pickup.minecraft.feather":5,"stat.pickup.minecraft.leather":3,"stat.craftItem.minecraft.stone_pickaxe":1,"stat.useItem.minecraft.wooden_pickaxe":3,"stat.pickup.minecraft.cobblestone":44,"stat.pickup.minecraft.planks":7,"stat.flyOneCm":297997,"tombstone:undead_killed":1,"stat.pickup.minecraft.wheat_seeds":13,"stat.killEntity.Witch":1,"stat.drop.minecraft.wheat_seeds":7,"stat.entityKilledBy.Zombie":4,"stat.useItem.minecraft.stone_pickaxe":69,"stat.pickup.quark.tallow":9,"stat.damageDealt":3047,"stat.mineBlock.minecraft.iron_ore":5,"stat.timeSinceDeath":6461,"stat.killEntity.Cow":2,"stat.mineBlock.minecraft.dirt":5,"stat.useItem.minecraft.spawn_egg":1,"stat.killEntity.Pig":4,"stat.craftItem.minecraft.wooden_pickaxe":1,"stat.walkOneCm":92298,"stat.mineBlock.securitycraft.dirt_mine":1,"stat.pickup.minecraft.stick":2,"stat.pickup.minecraft.crafting_table":3,"stat.useItem.minecraft.cobblestone":33,"stat.drop.minecraft.dirt":1,"stat.mineBlock.minecraft.double_plant":12,"stat.useItem.minecraft.cooked_porkchop":7,"stat.mineBlock.minecraft.coal_ore":22,"stat.pickup.srparasites.lurecomponent1":1,"stat.killEntity.Creeper":1,"stat.pickup.minecraft.log":25,"stat.pickup.minecraft.beef":4,"stat.entityKilledBy.Skeleton":2,"stat.pickup.minecraft.chicken":2,"stat.useItem.srparasites.itemmobspawner_infpighead":1,"stat.pickup.minecraft.cauldron":1,"stat.pickup.minecraft.sapling":1,"stat.sprintOneCm":130004,"stat.craftItem.minecraft.stick":16,"stat.pickup.cgm.shotgun":1,"stat.craftItem.minecraft.planks":84,"stat.killEntity.Chicken":3,"stat.killEntity.Spider":1,"stat.mineBlock.minecraft.crafting_table":3,"stat.mobKills":22,"stat.mineBlock.minecraft.log":25,"stat.useItem.srparasites.itemmobspawner_nak":1,"stat.deaths":16,"stat.mineBlock.minecraft.planks":7,"stat.drop":51,"stat.pickup.minecraft.egg":5,"stat.mineBlock.minecraft.leaves":11,"stat.playOneMinute":83907,"stat.sneakTime":1510,"stat.killEntity.Zombie":5,"stat.drop.minecraft.glass_bottle":7,"stat.mineBlock.minecraft.stone":43,"stat.mineBlock.minecraft.tallgrass":90,"stat.diveOneCm":19921}