{"stat.mineBlock.quark.roots_white_flower":1,"stat.useItem.minecraft.splash_potion":1,"stat.useItem.sapturretmod.turret_crossbow":2,"stat.pickup.minecraft.bone":2,"stat.pickup.sapturretmod.ammo_tipped_bolt":268,"stat.leaveGame":7,"stat.useItem.minecraft.glass_bottle":16,"stat.mineBlock.quark.roots_black_flower":1,"stat.useItem.minecraft.potion":25,"stat.drop.minecraft.cooked_porkchop":48,"stat.mineBlock.charm.crate_sealed":1,"stat.jump":1538,"stat.swimOneCm":21788,"stat.pickup.minecraft.coal":23,"stat.fallOneCm":38330,"stat.useItem.minecraft.planks":9,"stat.climbOneCm":391,"stat.drop.minecraft.cobblestone":1,"stat.drop.minecraft.feather":3,"stat.useItem.minecraft.stone_axe":42,"stat.pickup.minecraft.gunpowder":2,"stat.pickup.minecraft.porkchop":10,"stat.mineBlock.quark.roots":3,"stat.crouchOneCm":3323,"stat.pickup.minecraft.dirt":10,"stat.useItem.minecraft.dirt":2,"stat.useItem.minecraft.stone_slab2":37,"stat.craftingTableInteraction":5,"stat.pickup.minecraft.iron_ore":16,"stat.pickup.minecraft.rotten_flesh":13,"stat.entityKilledBy.Spider":3,"stat.useItem.minecraft.egg":4,"stat.craftItem.minecraft.stone_axe":1,"stat.damageTaken":4533,"stat.pickup.minecraft.feather":5,"stat.pickup.minecraft.leather":7,"stat.craftItem.minecraft.stone_pickaxe":1,"stat.useItem.minecraft.wooden_pickaxe":3,"stat.pickup.minecraft.cobblestone":53,"stat.pickup.minecraft.planks":7,"stat.flyOneCm":364874,"tombstone:undead_killed":1,"stat.pickup.minecraft.wheat_seeds":13,"stat.killEntity.Witch":1,"stat.drop.minecraft.wheat_seeds":7,"stat.entityKilledBy.Zombie":4,"stat.useItem.minecraft.stone_pickaxe":98,"stat.pickup.quark.tallow":12,"stat.damageDealt":4048,"stat.mineBlock.minecraft.iron_ore":16,"stat.timeSinceDeath":11122,"stat.killEntity.Cow":6,"stat.mineBlock.quark.roots_blue_flower":1,"stat.mineBlock.minecraft.dirt":7,"stat.useItem.minecraft.spawn_egg":1,"stat.killEntity.Pig":7,"stat.craftItem.minecraft.wooden_pickaxe":1,"stat.pickup.minecraft.mutton":1,"stat.walkOneCm":122123,"stat.mineBlock.securitycraft.dirt_mine":1,"stat.pickup.minecraft.stick":2,"stat.pickup.minecraft.crafting_table":3,"stat.useItem.minecraft.cobblestone":33,"stat.drop.minecraft.dirt":1,"stat.mineBlock.minecraft.double_plant":12,"stat.useItem.minecraft.cooked_porkchop":13,"stat.mineBlock.minecraft.coal_ore":23,"stat.mineBlock.quark.stone_speleothem":1,"stat.pickup.srparasites.lurecomponent1":1,"stat.killEntity.Creeper":1,"stat.pickup.minecraft.log":30,"stat.pickup.minecraft.beef":13,"stat.pickup.quark.root_flower":3,"stat.pickup.minecraft.iron_pickaxe":1,"stat.entityKilledBy.Skeleton":2,"stat.pickup.minecraft.chicken":2,"stat.useItem.srparasites.itemmobspawner_infpighead":1,"stat.pickup.minecraft.cauldron":1,"stat.pickup.minecraft.sapling":1,"stat.sprintOneCm":151528,"stat.craftItem.minecraft.stick":16,"stat.drop.minecraft.potion":7,"stat.pickup.cgm.shotgun":1,"stat.craftItem.minecraft.planks":84,"stat.killEntity.Chicken":3,"stat.killEntity.Spider":1,"stat.mineBlock.minecraft.crafting_table":3,"stat.mobKills":29,"stat.mineBlock.minecraft.log":30,"stat.useItem.srparasites.itemmobspawner_nak":1,"stat.deaths":17,"stat.mineBlock.minecraft.planks":7,"stat.drop":68,"stat.pickup.minecraft.egg":5,"stat.mineBlock.minecraft.leaves":11,"stat.playOneMinute":95607,"stat.sneakTime":1926,"stat.killEntity.Zombie":5,"stat.drop.minecraft.glass_bottle":7,"stat.mineBlock.minecraft.stone":52,"stat.mineBlock.minecraft.tallgrass":94,"stat.diveOneCm":23854}