{"stat.walkOneCm":35524,"stat.pickup.minecraft.bone":1,"stat.useItem.minecraft.glass_bottle":31,"stat.useItem.minecraft.cobblestone":7,"stat.useItem.minecraft.chicken":5,"stat.furnaceInteraction":11,"stat.mineBlock.minecraft.double_plant":1,"stat.mineBlock.minecraft.coal_ore":12,"stat.mineBlock.quark.roots_black_flower":1,"stat.useItem.minecraft.potion":30,"stat.pickup.minecraft.log":6,"stat.jump":468,"stat.swimOneCm":7607,"stat.pickup.minecraft.coal":15,"stat.fallOneCm":12620,"stat.pickup.minecraft.beef":1,"stat.pickup.quark.root_flower":4,"stat.craftItem.minecraft.stone_slab2":0,"stat.useItem.minecraft.stone_axe":18,"stat.mineBlock.quark.roots":5,"stat.crouchOneCm":2635,"stat.pickup.minecraft.chicken":5,"stat.pickup.minecraft.dirt":10,"stat.useItem.minecraft.dirt":5,"stat.useItem.quark.root_flower":4,"stat.sprintOneCm":49686,"stat.useItem.minecraft.stone_slab2":6,"stat.craftItem.minecraft.stick":8,"stat.craftingTableInteraction":8,"stat.pickup.minecraft.iron_ore":20,"stat.drop.minecraft.potion":1,"stat.pickup.minecraft.sand":33,"stat.killEntity.Skeleton":1,"stat.craftItem.minecraft.furnace":1,"stat.craftItem.minecraft.planks":24,"stat.killEntity.Chicken":5,"stat.craftItem.minecraft.stone_axe":1,"stat.pickup.minecraft.wooden_pickaxe":1,"stat.damageTaken":115,"stat.pickup.minecraft.feather":8,"stat.pickup.minecraft.leather":2,"stat.craftItem.minecraft.stone_pickaxe":1,"stat.useItem.minecraft.wooden_pickaxe":3,"stat.pickup.minecraft.cobblestone":35,"stat.mobKills":8,"stat.mineBlock.minecraft.log":6,"stat.useItem.minecraft.beef":1,"stat.flyOneCm":72482,"stat.craftItem.minecraft.glass_bottle":18,"tombstone:undead_killed":1,"stat.drop":3,"stat.pickup.minecraft.wheat_seeds":3,"stat.mineBlock.minecraft.sand":33,"stat.pickup.minecraft.egg":5,"stat.playOneMinute":22059,"stat.drop.minecraft.wheat_seeds":1,"stat.useItem.minecraft.stone_pickaxe":60,"stat.sneakTime":1154,"stat.damageDealt":625,"stat.craftItem.minecraft.glass":19,"stat.mineBlock.minecraft.iron_ore":19,"stat.timeSinceDeath":22059,"stat.drop.minecraft.glass_bottle":1,"stat.killEntity.Cow":1,"stat.mineBlock.quark.roots_blue_flower":3,"stat.mineBlock.minecraft.dirt":7,"stat.mineBlock.minecraft.stone":30,"stat.mineBlock.minecraft.tallgrass":23,"stat.diveOneCm":2014}