{"stat.useItem.minecraft.splash_potion":1,"stat.useItem.sapturretmod.turret_crossbow":2,"stat.pickup.sapturretmod.ammo_tipped_bolt":268,"stat.leaveGame":7,"stat.useItem.minecraft.glass_bottle":5,"stat.useItem.minecraft.potion":15,"stat.drop.minecraft.cooked_porkchop":38,"stat.jump":1185,"stat.swimOneCm":11630,"stat.pickup.minecraft.coal":22,"stat.fallOneCm":27535,"stat.useItem.minecraft.planks":2,"stat.drop.minecraft.cobblestone":1,"stat.drop.minecraft.feather":3,"stat.useItem.minecraft.stone_axe":1,"stat.pickup.minecraft.gunpowder":2,"stat.pickup.minecraft.porkchop":5,"stat.crouchOneCm":1802,"stat.pickup.minecraft.dirt":9,"stat.useItem.minecraft.dirt":2,"stat.useItem.minecraft.stone_slab2":36,"stat.craftingTableInteraction":4,"stat.pickup.minecraft.iron_ore":5,"stat.pickup.minecraft.rotten_flesh":5,"stat.entityKilledBy.Spider":3,"stat.useItem.minecraft.egg":4,"stat.craftItem.minecraft.stone_axe":1,"stat.damageTaken":3173,"stat.pickup.minecraft.feather":5,"stat.craftItem.minecraft.stone_pickaxe":1,"stat.useItem.minecraft.wooden_pickaxe":3,"stat.pickup.minecraft.cobblestone":44,"stat.flyOneCm":261353,"stat.pickup.minecraft.wheat_seeds":13,"stat.drop.minecraft.wheat_seeds":7,"stat.entityKilledBy.Zombie":4,"stat.useItem.minecraft.stone_pickaxe":68,"stat.pickup.quark.tallow":9,"stat.damageDealt":2246,"stat.mineBlock.minecraft.iron_ore":5,"stat.timeSinceDeath":21019,"stat.mineBlock.minecraft.dirt":5,"stat.useItem.minecraft.spawn_egg":1,"stat.killEntity.Pig":4,"stat.craftItem.minecraft.wooden_pickaxe":1,"stat.walkOneCm":81887,"stat.mineBlock.securitycraft.dirt_mine":1,"stat.pickup.minecraft.crafting_table":3,"stat.drop.minecraft.dirt":1,"stat.mineBlock.minecraft.double_plant":12,"stat.useItem.minecraft.cooked_porkchop":4,"stat.mineBlock.minecraft.coal_ore":22,"stat.pickup.srparasites.lurecomponent1":1,"stat.killEntity.Creeper":1,"stat.pickup.minecraft.log":21,"stat.entityKilledBy.Skeleton":2,"stat.pickup.minecraft.chicken":2,"stat.useItem.srparasites.itemmobspawner_infpighead":1,"stat.pickup.minecraft.sapling":1,"stat.sprintOneCm":113089,"stat.craftItem.minecraft.stick":16,"stat.pickup.cgm.shotgun":1,"stat.craftItem.minecraft.planks":84,"stat.killEntity.Chicken":3,"stat.killEntity.Spider":1,"stat.mineBlock.minecraft.crafting_table":3,"stat.mobKills":18,"stat.mineBlock.minecraft.log":21,"stat.useItem.srparasites.itemmobspawner_nak":1,"stat.deaths":13,"stat.drop":51,"stat.pickup.minecraft.egg":5,"stat.mineBlock.minecraft.leaves":11,"stat.playOneMinute":74130,"stat.sneakTime":1157,"stat.killEntity.Zombie":4,"stat.drop.minecraft.glass_bottle":7,"stat.mineBlock.minecraft.stone":43,"stat.mineBlock.minecraft.tallgrass":90,"stat.diveOneCm":11751}