{"stat.mineBlock.quark.roots_white_flower":2,"stat.pickup.minecraft.bone":1,"stat.leaveGame":1,"stat.useItem.minecraft.glass_bottle":53,"stat.useItem.minecraft.chicken":5,"stat.mineBlock.quark.roots_black_flower":1,"stat.useItem.minecraft.potion":46,"stat.useItem.minecraft.rotten_flesh":2,"stat.jump":633,"stat.swimOneCm":7607,"stat.pickup.minecraft.coal":15,"stat.fallOneCm":16752,"stat.pickup.minecraft.iron_ingot":1,"stat.useItem.minecraft.stone_axe":23,"stat.mineBlock.quark.roots":6,"stat.crouchOneCm":3614,"stat.craftItem.minecraft.iron_ingot":13,"stat.pickup.minecraft.dirt":10,"stat.useItem.minecraft.dirt":5,"stat.useItem.quark.root_flower":7,"stat.useItem.minecraft.stone_slab2":7,"stat.craftingTableInteraction":12,"stat.pickup.minecraft.iron_ore":30,"stat.pickup.minecraft.rotten_flesh":2,"stat.pickup.minecraft.sand":33,"stat.craftItem.minecraft.furnace":3,"stat.useItem.minecraft.egg":5,"stat.craftItem.minecraft.stone_axe":1,"stat.pickup.minecraft.wooden_pickaxe":1,"stat.damageTaken":378,"stat.pickup.minecraft.feather":8,"stat.pickup.minecraft.leather":2,"stat.craftItem.minecraft.stone_pickaxe":1,"stat.useItem.minecraft.wooden_pickaxe":3,"stat.useItem.minecraft.furnace":1,"stat.pickup.minecraft.cobblestone":49,"stat.flyOneCm":90897,"stat.craftItem.minecraft.glass_bottle":18,"tombstone:undead_killed":2,"stat.pickup.minecraft.wheat_seeds":4,"stat.mineBlock.minecraft.sand":33,"stat.drop.minecraft.wheat_seeds":1,"stat.useItem.minecraft.stone_pickaxe":90,"stat.damageDealt":990,"stat.craftItem.minecraft.glass":19,"stat.mineBlock.minecraft.iron_ore":30,"stat.timeSinceDeath":34374,"stat.killEntity.Cow":1,"stat.mineBlock.quark.roots_blue_flower":4,"stat.mineBlock.minecraft.dirt":7,"stat.walkOneCm":55689,"stat.useItem.minecraft.cobblestone":12,"stat.furnaceInteraction":27,"stat.mineBlock.minecraft.double_plant":1,"stat.mineBlock.minecraft.coal_ore":12,"stat.mineBlock.quark.stone_speleothem":1,"stat.pickup.srparasites.lurecomponent1":1,"stat.pickup.minecraft.log":6,"stat.pickup.minecraft.beef":1,"stat.pickup.quark.root_flower":7,"stat.craftItem.minecraft.stone_slab2":0,"stat.pickup.minecraft.chicken":5,"stat.sprintOneCm":59502,"stat.craftItem.minecraft.stick":8,"stat.drop.minecraft.potion":1,"stat.killEntity.Skeleton":1,"stat.craftItem.minecraft.planks":24,"stat.killEntity.Chicken":5,"stat.mobKills":11,"stat.mineBlock.minecraft.log":6,"stat.useItem.minecraft.beef":1,"stat.drop":3,"stat.pickup.minecraft.egg":5,"stat.playOneMinute":34374,"stat.sneakTime":1620,"stat.craftItem.minecraft.iron_pickaxe":1,"stat.killEntity.Zombie":1,"stat.drop.minecraft.glass_bottle":1,"stat.mineBlock.minecraft.stone":45,"stat.mineBlock.minecraft.tallgrass":24,"stat.diveOneCm":2014}