{"stat.mineBlock.quark.roots_white_flower":2,"stat.pickup.minecraft.bone":1,"stat.leaveGame":1,"stat.useItem.minecraft.glass_bottle":89,"stat.mineBlock.minecraft.cobblestone":10,"stat.useItem.minecraft.chicken":6,"stat.mineBlock.quark.roots_black_flower":1,"stat.useItem.minecraft.potion":85,"stat.useItem.minecraft.rotten_flesh":2,"stat.drop.minecraft.cooked_porkchop":10,"stat.jump":1309,"stat.swimOneCm":13009,"stat.pickup.minecraft.coal":32,"stat.fallOneCm":34433,"stat.pickup.minecraft.iron_ingot":1,"stat.useItem.minecraft.stone_axe":94,"stat.mineBlock.quark.roots":6,"stat.crouchOneCm":6179,"stat.craftItem.minecraft.iron_ingot":15,"stat.pickup.minecraft.dirt":11,"stat.useItem.minecraft.dirt":5,"stat.useItem.quark.root_flower":7,"stat.useItem.minecraft.stone_slab2":10,"stat.craftingTableInteraction":17,"stat.pickup.minecraft.iron_ore":30,"stat.pickup.minecraft.rotten_flesh":2,"stat.pickup.minecraft.sand":33,"stat.craftItem.minecraft.furnace":3,"stat.useItem.minecraft.egg":5,"stat.craftItem.minecraft.stone_axe":2,"stat.pickup.minecraft.wooden_pickaxe":1,"stat.mineBlock.minecraft.log2":14,"stat.damageTaken":795,"stat.pickup.minecraft.feather":17,"stat.pickup.minecraft.leather":2,"stat.craftItem.minecraft.stone_pickaxe":1,"stat.mineBlock.minecraft.furnace":2,"stat.useItem.minecraft.wooden_pickaxe":3,"stat.useItem.minecraft.furnace":2,"stat.pickup.minecraft.cobblestone":65,"stat.pickup.minecraft.log2":14,"stat.flyOneCm":211216,"stat.craftItem.minecraft.glass_bottle":18,"tombstone:undead_killed":2,"stat.pickup.minecraft.wheat_seeds":6,"stat.mineBlock.minecraft.sand":33,"stat.drop.minecraft.wheat_seeds":3,"stat.useItem.minecraft.stone_pickaxe":125,"stat.damageDealt":3625,"stat.craftItem.minecraft.glass":19,"stat.mineBlock.minecraft.iron_ore":30,"stat.timeSinceDeath":63081,"stat.killEntity.Cow":1,"stat.mineBlock.quark.roots_blue_flower":4,"stat.mineBlock.minecraft.dirt":9,"stat.craftItem.minecraft.iron_sword":1,"stat.walkOneCm":101742,"stat.useItem.minecraft.cobblestone":32,"stat.furnaceInteraction":30,"stat.craftItem.minecraft.crafting_table":1,"stat.mineBlock.minecraft.double_plant":1,"stat.useItem.minecraft.cooked_porkchop":11,"stat.mineBlock.minecraft.coal_ore":24,"stat.mineBlock.quark.stone_speleothem":1,"stat.pickup.srparasites.lurecomponent1":3,"stat.pickup.minecraft.log":6,"stat.pickup.minecraft.beef":1,"stat.pickup.quark.root_flower":7,"stat.pickup.minecraft.furnace":2,"stat.craftItem.minecraft.stone_slab2":0,"stat.craftItem.minecraft.iron_chestplate":1,"stat.pickup.minecraft.chicken":11,"stat.sprintOneCm":110116,"stat.craftItem.minecraft.stick":12,"stat.drop.minecraft.potion":2,"stat.killEntity.Skeleton":1,"stat.craftItem.minecraft.planks":80,"stat.killEntity.Chicken":11,"stat.mobKills":30,"stat.mineBlock.minecraft.log":6,"stat.useItem.minecraft.beef":1,"stat.drop":15,"stat.pickup.minecraft.egg":8,"stat.mineBlock.minecraft.leaves":1,"stat.playOneMinute":63081,"stat.sneakTime":2620,"stat.craftItem.minecraft.iron_pickaxe":1,"stat.killEntity.Zombie":1,"stat.drop.minecraft.glass_bottle":1,"stat.mineBlock.minecraft.stone":54,"stat.mineBlock.minecraft.tallgrass":44,"stat.diveOneCm":2842}