{"stat.mineBlock.quark.roots_white_flower":2,"stat.pickup.minecraft.bone":1,"stat.leaveGame":1,"stat.useItem.minecraft.glass_bottle":112,"stat.mineBlock.minecraft.cobblestone":12,"stat.useItem.minecraft.chicken":6,"stat.mineBlock.quark.roots_black_flower":1,"stat.useItem.minecraft.potion":101,"stat.useItem.minecraft.rotten_flesh":2,"stat.drop.minecraft.cooked_porkchop":10,"stat.jump":1482,"stat.swimOneCm":15634,"stat.pickup.minecraft.coal":32,"stat.fallOneCm":39627,"stat.pickup.minecraft.iron_ingot":2,"stat.useItem.minecraft.planks":9,"stat.useItem.minecraft.stone_axe":112,"stat.mineBlock.quark.roots":6,"stat.crouchOneCm":6827,"stat.craftItem.minecraft.iron_ingot":15,"stat.pickup.minecraft.dirt":17,"stat.useItem.minecraft.dirt":5,"stat.useItem.quark.root_flower":7,"stat.useItem.minecraft.stone_slab2":11,"stat.craftingTableInteraction":17,"stat.pickup.minecraft.iron_ore":30,"stat.pickup.minecraft.rotten_flesh":2,"stat.pickup.minecraft.sand":33,"stat.craftItem.minecraft.furnace":3,"stat.useItem.minecraft.egg":5,"stat.craftItem.minecraft.stone_axe":2,"stat.pickup.minecraft.wooden_pickaxe":1,"stat.mineBlock.minecraft.log2":14,"stat.damageTaken":1434,"stat.pickup.minecraft.feather":17,"stat.pickup.minecraft.leather":2,"stat.craftItem.minecraft.stone_pickaxe":1,"stat.mineBlock.minecraft.furnace":2,"stat.useItem.minecraft.wooden_pickaxe":3,"stat.useItem.minecraft.furnace":2,"stat.pickup.minecraft.cobblestone":65,"stat.pickup.minecraft.log2":15,"stat.pickup.minecraft.planks":2,"stat.flyOneCm":242749,"stat.craftItem.minecraft.glass_bottle":18,"tombstone:undead_killed":3,"stat.pickup.minecraft.wheat_seeds":8,"stat.mineBlock.minecraft.sand":33,"stat.drop.minecraft.wheat_seeds":3,"stat.useItem.minecraft.stone_pickaxe":125,"stat.damageDealt":4566,"stat.craftItem.minecraft.glass":19,"stat.mineBlock.minecraft.iron_ore":30,"stat.timeSinceDeath":74781,"stat.killEntity.Cow":1,"stat.mineBlock.quark.roots_blue_flower":4,"stat.mineBlock.minecraft.dirt":19,"stat.useItem.minecraft.iron_pickaxe":2,"stat.craftItem.minecraft.iron_sword":1,"stat.walkOneCm":116803,"stat.useItem.minecraft.cobblestone":32,"stat.furnaceInteraction":31,"stat.craftItem.minecraft.crafting_table":1,"stat.mineBlock.minecraft.double_plant":2,"stat.useItem.minecraft.cooked_porkchop":20,"stat.mineBlock.minecraft.coal_ore":24,"stat.mineBlock.quark.stone_speleothem":1,"stat.pickup.srparasites.lurecomponent1":3,"stat.pickup.minecraft.log":6,"stat.pickup.minecraft.beef":1,"stat.pickup.quark.root_flower":7,"stat.pickup.minecraft.furnace":2,"stat.craftItem.minecraft.stone_slab2":0,"stat.craftItem.minecraft.iron_chestplate":1,"stat.pickup.minecraft.chicken":11,"stat.sprintOneCm":121221,"stat.craftItem.minecraft.stick":12,"stat.drop.minecraft.potion":2,"stat.killEntity.Skeleton":1,"stat.craftItem.minecraft.planks":80,"stat.useItem.minecraft.iron_sword":7,"stat.killEntity.Chicken":11,"stat.useItem.minecraft.snowball":1,"stat.mobKills":31,"stat.mineBlock.minecraft.log":6,"stat.useItem.minecraft.beef":1,"stat.mineBlock.minecraft.planks":3,"stat.drop":15,"stat.pickup.minecraft.egg":9,"stat.mineBlock.minecraft.leaves":1,"stat.playOneMinute":74781,"stat.sneakTime":3040,"stat.craftItem.minecraft.iron_pickaxe":1,"stat.killEntity.Zombie":2,"stat.pickup.minecraft.snowball":4,"stat.drop.minecraft.glass_bottle":1,"stat.mineBlock.minecraft.stone":54,"stat.mineBlock.minecraft.tallgrass":64,"stat.diveOneCm":2842}