{"stat.craftItem.minecraft.stone_shovel":1,"stat.pickup.minecraft.double_plant":1,"stat.walkOneCm":74148,"stat.drop.minecraft.wooden_pickaxe":1,"stat.leaveGame":2,"stat.useItem.minecraft.glass_bottle":39,"stat.pickup.minecraft.crafting_table":1,"stat.mineBlock.minecraft.cobblestone":2,"stat.useItem.minecraft.cobblestone":37,"stat.craftItem.minecraft.crafting_table":1,"stat.furnaceInteraction":28,"stat.mineBlock.minecraft.double_plant":1,"stat.useItem.minecraft.apple":1,"stat.mineBlock.minecraft.coal_ore":41,"stat.useItem.minecraft.potion":27,"stat.pickup.minecraft.log":4,"stat.swimOneCm":4150,"stat.jump":629,"stat.pickup.minecraft.coal":38,"stat.fallOneCm":18514,"stat.pickup.minecraft.beef":6,"stat.useItem.tombstone.gift":1,"stat.pickup.minecraft.furnace":1,"stat.craftItem.minecraft.stone_slab2":0,"stat.useItem.minecraft.stone_axe":18,"stat.crouchOneCm":18618,"stat.pickup.minecraft.glass":1,"stat.craftItem.minecraft.iron_ingot":15,"stat.pickup.minecraft.dirt":3,"stat.useItem.minecraft.dirt":1,"stat.sprintOneCm":47893,"stat.useItem.minecraft.stone_slab2":8,"stat.pickup.minecraft.apple":1,"stat.craftItem.minecraft.stick":52,"stat.craftingTableInteraction":13,"stat.pickup.minecraft.iron_ore":16,"stat.pickup.minecraft.sand":65,"stat.craftItem.minecraft.furnace":1,"stat.craftItem.minecraft.planks":64,"stat.pickup.minecraft.potion":1,"stat.useItem.minecraft.egg":1,"stat.craftItem.minecraft.stone_axe":1,"stat.mineBlock.minecraft.log2":17,"stat.damageTaken":495,"stat.pickup.minecraft.leather":3,"stat.mineBlock.minecraft.crafting_table":1,"stat.craftItem.minecraft.stone_pickaxe":2,"stat.mineBlock.minecraft.furnace":1,"stat.useItem.minecraft.wooden_pickaxe":4,"stat.craftItem.minecraft.cooked_beef":4,"stat.pickup.minecraft.cobblestone":78,"stat.mobKills":3,"stat.mineBlock.minecraft.log":5,"stat.pickup.minecraft.log2":16,"stat.useItem.minecraft.stone_shovel":71,"stat.craftItem.minecraft.stone_sword":1,"stat.flyOneCm":96234,"stat.craftItem.minecraft.glass_bottle":15,"stat.deaths":1,"stat.pickup.minecraft.glass_bottle":2,"stat.drop":1,"stat.pickup.minecraft.wheat_seeds":2,"stat.mineBlock.minecraft.leaves":1,"stat.mineBlock.minecraft.sand":69,"stat.pickup.minecraft.egg":1,"stat.playOneMinute":34277,"stat.useItem.minecraft.stone_pickaxe":137,"stat.useItem.minecraft.cooked_beef":4,"stat.sneakTime":5498,"stat.useItem.minecraft.stone_sword":21,"stat.craftItem.minecraft.iron_pickaxe":1,"stat.damageDealt":395,"stat.craftItem.minecraft.glass":14,"stat.mineBlock.minecraft.iron_ore":16,"stat.timeSinceDeath":32836,"stat.killEntity.Cow":2,"stat.mineBlock.minecraft.dirt":1,"stat.craftItem.minecraft.wooden_pickaxe":1,"stat.mineBlock.minecraft.stone":81,"stat.mineBlock.minecraft.tallgrass":5,"stat.diveOneCm":1923}