{"stat.walkOneCm":22955,"stat.craftItem.minecraft.planks":16,"stat.pickup.minecraft.potion":5,"stat.drop.minecraft.wooden_pickaxe":1,"stat.leaveGame":6,"stat.craftItem.minecraft.stone_axe":1,"stat.pickup.minecraft.crafting_table":1,"stat.damageTaken":722,"stat.mineBlock.minecraft.crafting_table":1,"stat.craftItem.minecraft.crafting_table":1,"stat.craftItem.minecraft.stone_pickaxe":1,"stat.useItem.minecraft.cooked_porkchop":6,"stat.useItem.minecraft.wooden_pickaxe":3,"stat.pickup.minecraft.cobblestone":11,"stat.mineBlock.minecraft.coal_ore":9,"stat.mineBlock.minecraft.log":4,"stat.useItem.minecraft.potion":5,"stat.pickup.minecraft.log":4,"stat.craftItem.minecraft.stone_sword":1,"stat.flyOneCm":21649,"stat.deaths":1,"stat.drop":1,"stat.jump":122,"stat.swimOneCm":1335,"stat.playOneMinute":11330,"stat.pickup.minecraft.coal":8,"stat.fallOneCm":5119,"stat.useItem.minecraft.stone_pickaxe":29,"stat.useItem.tombstone.gift":1,"stat.pickup.tombstone.grave_key":1,"stat.sneakTime":1263,"stat.pickup.minecraft.cooked_porkchop":10,"stat.useItem.minecraft.stone_axe":1,"stat.damageDealt":70,"stat.crouchOneCm":3527,"stat.mineBlock.minecraft.iron_ore":10,"stat.timeSinceDeath":9825,"stat.pickup.minecraft.dirt":1,"stat.sprintOneCm":15385,"stat.useItem.minecraft.stone_slab2":2,"stat.craftItem.minecraft.wooden_pickaxe":1,"stat.mineBlock.minecraft.stone":11,"stat.craftItem.minecraft.stick":8,"stat.craftingTableInteraction":4,"stat.pickup.minecraft.iron_ore":9}