{"stat.leaveGame":2,"stat.mineBlock.minecraft.cobblestone":3,"stat.swimOneCm":4150,"stat.pickup.minecraft.glass":1,"stat.useItem.minecraft.dirt":5,"stat.useItem.minecraft.stone_slab2":11,"stat.pickup.minecraft.rotten_flesh":1,"stat.pickup.minecraft.sand":65,"stat.craftItem.minecraft.furnace":2,"stat.useItem.minecraft.egg":3,"stat.craftItem.minecraft.stone_axe":1,"stat.craftItem.minecraft.stone_pickaxe":2,"stat.craftItem.minecraft.cooked_beef":5,"stat.pickup.minecraft.cobblestone":88,"stat.useItem.minecraft.stone_shovel":75,"stat.craftItem.minecraft.stone_sword":1,"stat.flyOneCm":114375,"stat.craftItem.minecraft.glass_bottle":15,"stat.pickup.minecraft.glass_bottle":2,"stat.mineBlock.minecraft.sand":69,"stat.useItem.minecraft.cooked_beef":5,"stat.mineBlock.minecraft.iron_ore":16,"stat.timeSinceDeath":43475,"stat.craftItem.minecraft.wooden_pickaxe":1,"stat.pickup.minecraft.double_plant":1,"stat.furnaceInteraction":37,"stat.mineBlock.minecraft.coal_ore":45,"stat.pickup.minecraft.beef":6,"stat.pickup.minecraft.furnace":2,"stat.craftItem.minecraft.stone_slab2":0,"stat.sprintOneCm":59738,"stat.craftItem.minecraft.stick":52,"stat.pickup.minecraft.potion":1,"stat.mineBlock.minecraft.crafting_table":3,"stat.deaths":1,"stat.drop":1,"stat.pickup.minecraft.egg":3,"stat.playOneMinute":44916,"stat.craftItem.minecraft.iron_pickaxe":1,"stat.mineBlock.minecraft.tallgrass":7,"stat.diveOneCm":1923,"stat.drop.minecraft.wooden_pickaxe":1,"stat.useItem.minecraft.glass_bottle":39,"stat.useItem.minecraft.apple":1,"stat.useItem.minecraft.potion":39,"stat.useItem.minecraft.rotten_flesh":1,"stat.jump":848,"stat.pickup.minecraft.coal":45,"stat.fallOneCm":22369,"stat.useItem.minecraft.stone_axe":23,"stat.crouchOneCm":20639,"stat.craftItem.minecraft.iron_ingot":15,"stat.pickup.minecraft.dirt":8,"stat.useItem.minecraft.cooked_chicken":1,"stat.craftingTableInteraction":15,"stat.pickup.minecraft.iron_ore":16,"stat.mineBlock.minecraft.log2":17,"stat.damageTaken":600,"stat.pickup.minecraft.leather":3,"stat.pickup.minecraft.feather":1,"stat.mineBlock.minecraft.furnace":2,"stat.useItem.minecraft.wooden_pickaxe":4,"stat.pickup.minecraft.log2":16,"stat.pickup.minecraft.wheat_seeds":2,"stat.useItem.minecraft.stone_pickaxe":153,"stat.useItem.minecraft.stone_sword":22,"stat.damageDealt":611,"stat.craftItem.minecraft.glass":14,"stat.killEntity.Cow":2,"stat.mineBlock.minecraft.dirt":5,"stat.craftItem.minecraft.stone_shovel":1,"stat.walkOneCm":94929,"stat.pickup.minecraft.crafting_table":3,"stat.useItem.minecraft.cobblestone":60,"stat.craftItem.minecraft.crafting_table":1,"stat.mineBlock.minecraft.double_plant":1,"stat.pickup.minecraft.log":4,"stat.useItem.tombstone.gift":1,"stat.pickup.minecraft.chicken":1,"stat.pickup.minecraft.apple":1,"stat.craftItem.minecraft.planks":64,"stat.killEntity.Chicken":1,"stat.mobKills":4,"stat.mineBlock.minecraft.log":5,"stat.craftItem.minecraft.cooked_chicken":1,"stat.mineBlock.minecraft.leaves":1,"stat.sneakTime":6158,"stat.mineBlock.minecraft.stone":87}