{"stat.useItem.minecraft.iron_axe":1,"stat.leaveGame":2,"stat.mineBlock.minecraft.cobblestone":3,"stat.craftItem.minecraft.iron_axe":1,"stat.swimOneCm":10347,"stat.craftItem.minecraft.shield":1,"stat.pickup.minecraft.cooked_porkchop":5,"stat.pickup.minecraft.glass":1,"stat.useItem.minecraft.dirt":8,"stat.useItem.minecraft.stone_slab2":15,"stat.pickup.minecraft.rotten_flesh":1,"stat.pickup.minecraft.sand":66,"stat.craftItem.minecraft.furnace":2,"stat.useItem.minecraft.egg":6,"stat.craftItem.minecraft.stone_axe":1,"stat.craftItem.minecraft.iron_boots":1,"stat.craftItem.minecraft.stone_pickaxe":2,"stat.craftItem.minecraft.cooked_beef":13,"stat.pickup.minecraft.cobblestone":109,"stat.useItem.minecraft.stone_shovel":76,"stat.craftItem.minecraft.stone_sword":1,"stat.flyOneCm":193931,"stat.craftItem.minecraft.glass_bottle":15,"stat.pickup.minecraft.glass_bottle":2,"stat.mineBlock.minecraft.sand":70,"stat.useItem.minecraft.cooked_beef":12,"stat.mineBlock.minecraft.iron_ore":24,"stat.timeSinceDeath":67775,"stat.useItem.minecraft.iron_pickaxe":8,"stat.craftItem.minecraft.wooden_pickaxe":1,"stat.pickup.minecraft.double_plant":1,"stat.furnaceInteraction":62,"stat.useItem.minecraft.cooked_porkchop":5,"stat.mineBlock.minecraft.coal_ore":58,"stat.pickup.minecraft.beef":14,"stat.pickup.minecraft.furnace":4,"stat.craftItem.minecraft.stone_slab2":0,"stat.sprintOneCm":96917,"stat.craftItem.minecraft.stick":52,"stat.pickup.minecraft.potion":1,"stat.mineBlock.minecraft.crafting_table":6,"stat.deaths":1,"stat.drop":1,"stat.pickup.minecraft.egg":6,"stat.playOneMinute":69216,"stat.craftItem.minecraft.iron_pickaxe":1,"stat.mineBlock.minecraft.tallgrass":25,"stat.diveOneCm":3000,"stat.drop.minecraft.wooden_pickaxe":1,"stat.useItem.minecraft.glass_bottle":82,"stat.useItem.minecraft.apple":1,"stat.useItem.minecraft.potion":71,"stat.useItem.minecraft.rotten_flesh":1,"stat.jump":1272,"stat.pickup.minecraft.coal":101,"stat.fallOneCm":30721,"stat.useItem.minecraft.stone_axe":56,"stat.crouchOneCm":25897,"stat.craftItem.minecraft.iron_ingot":16,"stat.craftItem.minecraft.torch":20,"stat.pickup.minecraft.dirt":12,"stat.useItem.minecraft.cooked_chicken":5,"stat.craftingTableInteraction":24,"stat.pickup.minecraft.iron_ore":24,"stat.mineBlock.minecraft.leaves2":1,"stat.mineBlock.minecraft.log2":35,"stat.damageTaken":1534,"stat.pickup.minecraft.leather":7,"stat.pickup.minecraft.feather":9,"stat.mineBlock.minecraft.furnace":4,"stat.mineBlock.minecraft.torch":7,"stat.useItem.minecraft.wooden_pickaxe":4,"stat.useItem.minecraft.furnace":3,"stat.pickup.minecraft.log2":33,"stat.pickup.minecraft.planks":1,"stat.pickup.minecraft.wheat_seeds":5,"stat.useItem.minecraft.stone_pickaxe":193,"stat.useItem.minecraft.stone_sword":64,"stat.damageDealt":1737,"stat.craftItem.minecraft.glass":14,"stat.killEntity.Cow":6,"stat.mineBlock.minecraft.dirt":13,"stat.craftItem.minecraft.iron_sword":1,"stat.craftItem.minecraft.stone_shovel":1,"stat.walkOneCm":158195,"stat.useItem.minecraft.torch":8,"stat.pickup.minecraft.crafting_table":4,"stat.useItem.minecraft.cobblestone":70,"stat.craftItem.minecraft.crafting_table":1,"stat.mineBlock.minecraft.double_plant":3,"stat.pickup.minecraft.log":4,"stat.useItem.tombstone.gift":1,"stat.pickup.minecraft.chicken":8,"stat.pickup.minecraft.apple":1,"stat.craftItem.minecraft.planks":64,"stat.killEntity.Chicken":9,"stat.mobKills":16,"stat.mineBlock.minecraft.log":5,"stat.craftItem.minecraft.cooked_chicken":8,"stat.mineBlock.minecraft.leaves":1,"stat.pickup.minecraft.torch":8,"stat.sneakTime":7949,"stat.mineBlock.minecraft.stone":108}