{"stat.leaveGame":2,"stat.mineBlock.minecraft.cobblestone":3,"stat.swimOneCm":7863,"stat.pickup.minecraft.cooked_porkchop":5,"stat.pickup.minecraft.glass":1,"stat.useItem.minecraft.dirt":5,"stat.useItem.minecraft.stone_slab2":12,"stat.pickup.minecraft.rotten_flesh":1,"stat.pickup.minecraft.sand":65,"stat.craftItem.minecraft.furnace":2,"stat.useItem.minecraft.egg":6,"stat.craftItem.minecraft.stone_axe":1,"stat.craftItem.minecraft.stone_pickaxe":2,"stat.craftItem.minecraft.cooked_beef":5,"stat.pickup.minecraft.cobblestone":93,"stat.useItem.minecraft.stone_shovel":75,"stat.craftItem.minecraft.stone_sword":1,"stat.flyOneCm":172851,"stat.craftItem.minecraft.glass_bottle":15,"stat.pickup.minecraft.glass_bottle":2,"stat.mineBlock.minecraft.sand":69,"stat.useItem.minecraft.cooked_beef":5,"stat.mineBlock.minecraft.iron_ore":24,"stat.timeSinceDeath":56075,"stat.craftItem.minecraft.wooden_pickaxe":1,"stat.pickup.minecraft.double_plant":1,"stat.furnaceInteraction":41,"stat.useItem.minecraft.cooked_porkchop":5,"stat.mineBlock.minecraft.coal_ore":58,"stat.pickup.minecraft.beef":14,"stat.pickup.minecraft.furnace":3,"stat.craftItem.minecraft.stone_slab2":0,"stat.sprintOneCm":86170,"stat.craftItem.minecraft.stick":52,"stat.pickup.minecraft.potion":1,"stat.mineBlock.minecraft.crafting_table":4,"stat.deaths":1,"stat.drop":1,"stat.pickup.minecraft.egg":6,"stat.playOneMinute":57516,"stat.craftItem.minecraft.iron_pickaxe":1,"stat.mineBlock.minecraft.tallgrass":18,"stat.diveOneCm":3000,"stat.drop.minecraft.wooden_pickaxe":1,"stat.useItem.minecraft.glass_bottle":66,"stat.useItem.minecraft.apple":1,"stat.useItem.minecraft.potion":61,"stat.useItem.minecraft.rotten_flesh":1,"stat.jump":1159,"stat.pickup.minecraft.coal":99,"stat.fallOneCm":28782,"stat.useItem.minecraft.stone_axe":50,"stat.crouchOneCm":23844,"stat.craftItem.minecraft.iron_ingot":15,"stat.craftItem.minecraft.torch":20,"stat.pickup.minecraft.dirt":8,"stat.useItem.minecraft.cooked_chicken":4,"stat.craftingTableInteraction":16,"stat.pickup.minecraft.iron_ore":24,"stat.mineBlock.minecraft.leaves2":1,"stat.mineBlock.minecraft.log2":35,"stat.damageTaken":1066,"stat.pickup.minecraft.leather":7,"stat.pickup.minecraft.feather":9,"stat.mineBlock.minecraft.furnace":3,"stat.mineBlock.minecraft.torch":3,"stat.useItem.minecraft.wooden_pickaxe":4,"stat.useItem.minecraft.furnace":1,"stat.pickup.minecraft.log2":33,"stat.pickup.minecraft.wheat_seeds":4,"stat.useItem.minecraft.stone_pickaxe":183,"stat.useItem.minecraft.stone_sword":49,"stat.damageDealt":1342,"stat.craftItem.minecraft.glass":14,"stat.killEntity.Cow":6,"stat.mineBlock.minecraft.dirt":5,"stat.craftItem.minecraft.stone_shovel":1,"stat.walkOneCm":139748,"stat.useItem.minecraft.torch":4,"stat.pickup.minecraft.crafting_table":4,"stat.useItem.minecraft.cobblestone":60,"stat.craftItem.minecraft.crafting_table":1,"stat.mineBlock.minecraft.double_plant":2,"stat.pickup.minecraft.log":4,"stat.useItem.tombstone.gift":1,"stat.pickup.minecraft.chicken":8,"stat.pickup.minecraft.apple":1,"stat.craftItem.minecraft.planks":64,"stat.killEntity.Chicken":9,"stat.mobKills":16,"stat.mineBlock.minecraft.log":5,"stat.craftItem.minecraft.cooked_chicken":4,"stat.mineBlock.minecraft.leaves":1,"stat.pickup.minecraft.torch":4,"stat.sneakTime":7205,"stat.mineBlock.minecraft.stone":92}