{"stat.craftItem.minecraft.stone_shovel":1,"stat.pickup.minecraft.double_plant":1,"stat.walkOneCm":44411,"stat.drop.minecraft.wooden_pickaxe":1,"stat.leaveGame":2,"stat.useItem.minecraft.glass_bottle":17,"stat.pickup.minecraft.crafting_table":1,"stat.craftItem.minecraft.crafting_table":1,"stat.furnaceInteraction":20,"stat.mineBlock.minecraft.double_plant":1,"stat.useItem.minecraft.apple":1,"stat.mineBlock.minecraft.coal_ore":21,"stat.useItem.minecraft.potion":18,"stat.pickup.minecraft.log":4,"stat.swimOneCm":4150,"stat.jump":386,"stat.pickup.minecraft.coal":18,"stat.fallOneCm":12538,"stat.pickup.minecraft.beef":6,"stat.useItem.tombstone.gift":1,"stat.pickup.minecraft.furnace":1,"stat.craftItem.minecraft.stone_slab2":0,"stat.useItem.minecraft.stone_axe":5,"stat.crouchOneCm":12027,"stat.pickup.minecraft.glass":1,"stat.pickup.minecraft.dirt":3,"stat.sprintOneCm":36481,"stat.useItem.minecraft.stone_slab2":5,"stat.pickup.minecraft.apple":1,"stat.craftItem.minecraft.stick":12,"stat.craftingTableInteraction":9,"stat.pickup.minecraft.iron_ore":7,"stat.pickup.minecraft.sand":65,"stat.craftItem.minecraft.furnace":1,"stat.craftItem.minecraft.planks":16,"stat.pickup.minecraft.potion":1,"stat.craftItem.minecraft.stone_axe":1,"stat.mineBlock.minecraft.log2":4,"stat.damageTaken":325,"stat.pickup.minecraft.leather":3,"stat.mineBlock.minecraft.crafting_table":1,"stat.craftItem.minecraft.stone_pickaxe":1,"stat.mineBlock.minecraft.furnace":1,"stat.useItem.minecraft.wooden_pickaxe":4,"stat.craftItem.minecraft.cooked_beef":4,"stat.pickup.minecraft.cobblestone":45,"stat.mobKills":3,"stat.mineBlock.minecraft.log":5,"stat.pickup.minecraft.log2":4,"stat.useItem.minecraft.stone_shovel":71,"stat.craftItem.minecraft.stone_sword":1,"stat.flyOneCm":65689,"stat.craftItem.minecraft.glass_bottle":15,"stat.deaths":1,"stat.pickup.minecraft.glass_bottle":2,"stat.drop":1,"stat.pickup.minecraft.wheat_seeds":2,"stat.mineBlock.minecraft.leaves":1,"stat.mineBlock.minecraft.sand":69,"stat.playOneMinute":21677,"stat.useItem.minecraft.stone_pickaxe":74,"stat.useItem.minecraft.cooked_beef":2,"stat.sneakTime":3244,"stat.useItem.minecraft.stone_sword":20,"stat.damageDealt":366,"stat.craftItem.minecraft.glass":14,"stat.mineBlock.minecraft.iron_ore":8,"stat.timeSinceDeath":20236,"stat.killEntity.Cow":2,"stat.mineBlock.minecraft.dirt":1,"stat.craftItem.minecraft.wooden_pickaxe":1,"stat.mineBlock.minecraft.stone":47,"stat.mineBlock.minecraft.tallgrass":5,"stat.diveOneCm":1923}