{"stat.mineBlock.quark.roots_white_flower":1,"stat.pickup.sapturretmod.ammo_tipped_bolt":422,"stat.leaveGame":2,"stat.pickup.minecraft.arrow":1,"stat.pickup.minecraft.waterlily":3,"stat.useItem.minecraft.glass_bottle":24,"stat.useItem.minecraft.chicken":2,"stat.useItem.minecraft.porkchop":2,"stat.mineBlock.quark.roots_black_flower":2,"stat.useItem.minecraft.potion":25,"stat.useItem.minecraft.mutton":11,"stat.swimOneCm":18363,"stat.jump":1436,"stat.fallOneCm":38972,"stat.useItem.minecraft.planks":2,"stat.climbOneCm":849,"stat.pickup.minecraft.cooked_porkchop":38,"stat.pickup.minecraft.porkchop":2,"stat.mineBlock.quark.roots":33,"stat.crouchOneCm":15630,"stat.pickup.minecraft.spider_eye":2,"stat.pickup.minecraft.dirt":21,"stat.useItem.minecraft.dirt":4,"stat.useItem.quark.root_flower":4,"stat.useItem.minecraft.stone_slab2":8,"stat.craftingTableInteraction":8,"stat.pickup.minecraft.rotten_flesh":6,"stat.craftItem.minecraft.stone_axe":1,"tombstone:sneak_grave":1,"stat.damageTaken":2806,"stat.pickup.minecraft.feather":12,"stat.pickup.minecraft.leather":6,"stat.craftItem.minecraft.stone_pickaxe":1,"stat.pickup.minecraft.cobblestone":14,"stat.pickup.srparasites.assimilated_flesh":1,"stat.flyOneCm":261526,"stat.pickup.minecraft.wheat_seeds":7,"stat.useItem.minecraft.stone_pickaxe":11,"stat.pickup.quark.tallow":1,"stat.damageDealt":2728,"stat.timeSinceDeath":445,"stat.killEntity.Cow":5,"stat.mineBlock.quark.roots_blue_flower":1,"stat.mineBlock.minecraft.dirt":21,"stat.pickup.minecraft.mutton":21,"stat.walkOneCm":92887,"stat.craftItem.minecraft.crafting_table":2,"stat.useItem.minecraft.cooked_porkchop":3,"stat.mineBlock.minecraft.double_plant":7,"stat.pickup.srparasites.lurecomponent1":2,"stat.pickup.minecraft.log":12,"stat.pickup.minecraft.beef":12,"stat.pickup.quark.root_flower":4,"stat.entityKilledBy.Skeleton":1,"stat.pickup.minecraft.chicken":6,"stat.sprintOneCm":122100,"stat.drop.srparasites.assimilated_flesh":1,"stat.craftItem.minecraft.stick":12,"stat.craftItem.minecraft.wooden_axe":2,"stat.craftItem.minecraft.planks":40,"stat.pickup.minecraft.potion":18,"stat.killEntity.Chicken":6,"stat.drop.sapturretmod.ammo_tipped_bolt":132,"stat.mobKills":31,"stat.mineBlock.minecraft.log":12,"stat.mineBlock.minecraft.waterlily":4,"stat.deaths":10,"stat.drop":9,"stat.mineBlock.minecraft.leaves":7,"stat.pickup.minecraft.egg":3,"stat.playOneMinute":52821,"stat.drop.tombstone.grave_key":5,"stat.killEntity.Sheep":14,"stat.pickup.tombstone.grave_key":1,"stat.sneakTime":6321,"stat.useItem.minecraft.wooden_axe":35,"stat.mineBlock.minecraft.stone":11,"stat.mineBlock.minecraft.tallgrass":25,"stat.diveOneCm":56041}