{"stat.leaveGame":1,"stat.useItem.minecraft.glass_bottle":11,"stat.useItem.minecraft.chicken":3,"stat.useItem.minecraft.potion":11,"stat.jump":388,"stat.swimOneCm":585,"stat.pickup.minecraft.coal":22,"stat.fallOneCm":13627,"stat.pickup.minecraft.iron_ingot":2,"stat.pickup.minecraft.cooked_porkchop":64,"stat.useItem.minecraft.stone_axe":21,"stat.mineBlock.quark.roots":1,"stat.crouchOneCm":13189,"stat.craftItem.minecraft.iron_ingot":3,"stat.pickup.minecraft.dirt":1,"stat.useItem.minecraft.stone_slab2":4,"stat.craftingTableInteraction":7,"stat.pickup.minecraft.iron_ore":5,"stat.pickup.minecraft.rotten_flesh":2,"stat.craftItem.minecraft.furnace":1,"stat.craftItem.minecraft.stone_axe":1,"stat.mineBlock.minecraft.log2":14,"stat.pickup.minecraft.leather":3,"stat.pickup.minecraft.feather":6,"stat.damageTaken":236,"stat.craftItem.minecraft.stone_pickaxe":1,"stat.mineBlock.minecraft.furnace":1,"stat.useItem.minecraft.wooden_pickaxe":16,"stat.pickup.minecraft.cobblestone":19,"stat.pickup.minecraft.log2":14,"stat.flyOneCm":74143,"tombstone:undead_killed":1,"stat.pickup.minecraft.wheat_seeds":2,"stat.useItem.minecraft.stone_pickaxe":25,"stat.damageDealt":1259,"stat.mineBlock.minecraft.iron_ore":5,"stat.timeSinceDeath":17653,"stat.killEntity.Cow":4,"stat.mineBlock.minecraft.dirt":1,"stat.craftItem.minecraft.wooden_pickaxe":1,"stat.walkOneCm":35030,"stat.pickup.minecraft.crafting_table":1,"stat.craftItem.minecraft.crafting_table":2,"stat.furnaceInteraction":5,"stat.useItem.minecraft.cooked_porkchop":3,"stat.mineBlock.minecraft.coal_ore":16,"stat.pickup.minecraft.log":5,"stat.pickup.minecraft.beef":6,"stat.pickup.minecraft.furnace":1,"stat.craftItem.minecraft.stone_slab2":0,"stat.pickup.minecraft.chicken":4,"stat.sprintOneCm":23810,"stat.craftItem.minecraft.stick":12,"stat.craftItem.minecraft.wooden_axe":1,"stat.craftItem.minecraft.planks":72,"stat.pickup.minecraft.potion":1,"stat.killEntity.Chicken":4,"stat.mineBlock.minecraft.crafting_table":1,"stat.mobKills":13,"stat.mineBlock.minecraft.log":5,"stat.pickup.minecraft.egg":1,"stat.mineBlock.minecraft.leaves":1,"stat.playOneMinute":17653,"stat.sneakTime":3405,"stat.craftItem.minecraft.iron_pickaxe":1,"stat.killEntity.Zombie":1,"stat.useItem.minecraft.wooden_axe":25,"stat.mineBlock.minecraft.stone":19,"stat.mineBlock.minecraft.tallgrass":16}