{"stat.leaveGame":2,"stat.pickup.minecraft.gravel":2,"stat.pickup.minecraft.arrow":1,"stat.useItem.minecraft.glass_bottle":58,"stat.pickup.toughasnails.purified_water_bottle":1,"stat.useItem.minecraft.chicken":3,"stat.mineBlock.minecraft.ice":1,"stat.useItem.minecraft.potion":59,"stat.jump":1229,"stat.swimOneCm":12116,"stat.pickup.minecraft.coal":22,"stat.fallOneCm":38416,"stat.pickup.minecraft.iron_ingot":2,"stat.useItem.minecraft.planks":6,"stat.pickup.minecraft.cooked_porkchop":69,"stat.useItem.minecraft.stone_axe":73,"stat.mineBlock.quark.roots":1,"stat.crouchOneCm":23410,"stat.craftItem.minecraft.iron_ingot":3,"stat.craftItem.minecraft.torch":4,"stat.pickup.minecraft.dirt":21,"stat.useItem.minecraft.dirt":15,"stat.useItem.minecraft.stone_slab2":10,"stat.craftingTableInteraction":15,"stat.pickup.minecraft.iron_ore":5,"stat.pickup.minecraft.rotten_flesh":3,"stat.pickup.minecraft.sand":1,"stat.craftItem.minecraft.furnace":1,"stat.useItem.minecraft.egg":2,"stat.craftItem.minecraft.stone_axe":1,"tombstone:sneak_grave":1,"stat.mineBlock.minecraft.log2":14,"stat.pickup.minecraft.wooden_pickaxe":1,"stat.pickup.minecraft.leather":3,"stat.pickup.minecraft.feather":36,"stat.damageTaken":2901,"stat.craftItem.minecraft.stone_pickaxe":1,"stat.mineBlock.minecraft.furnace":1,"stat.mineBlock.minecraft.torch":5,"stat.useItem.minecraft.wooden_pickaxe":16,"stat.pickup.minecraft.cobblestone":41,"stat.pickup.minecraft.log2":14,"stat.flyOneCm":269275,"tombstone:undead_killed":3,"stat.pickup.minecraft.wheat_seeds":3,"stat.mineBlock.minecraft.sand":1,"stat.useItem.minecraft.stone_pickaxe":42,"stat.damageDealt":3003,"stat.mineBlock.minecraft.iron_ore":5,"stat.timeSinceDeath":722,"stat.killEntity.Cow":4,"stat.mineBlock.minecraft.dirt":5,"stat.useItem.minecraft.iron_pickaxe":12,"stat.craftItem.minecraft.wooden_pickaxe":1,"stat.craftItem.minecraft.iron_sword":1,"stat.walkOneCm":80796,"stat.useItem.minecraft.torch":7,"stat.pickup.minecraft.crafting_table":4,"stat.useItem.minecraft.cobblestone":16,"stat.craftItem.minecraft.crafting_table":2,"stat.furnaceInteraction":5,"stat.useItem.minecraft.gravel":1,"stat.useItem.minecraft.cooked_porkchop":26,"stat.mineBlock.minecraft.double_plant":4,"stat.mineBlock.minecraft.coal_ore":16,"stat.pickup.minecraft.log":5,"stat.pickup.minecraft.beef":6,"stat.pickup.minecraft.furnace":1,"stat.craftItem.minecraft.stone_slab2":0,"stat.pickup.minecraft.chicken":17,"stat.sprintOneCm":110152,"stat.craftItem.minecraft.stick":12,"stat.craftItem.minecraft.wooden_axe":1,"stat.pickup.tombstone.magic_scroll":1,"stat.useItem.tombstone.magic_scroll":4,"stat.craftItem.minecraft.planks":72,"stat.useItem.minecraft.iron_sword":27,"stat.pickup.minecraft.potion":1,"stat.killEntity.Chicken":11,"stat.mineBlock.minecraft.crafting_table":3,"stat.mobKills":26,"stat.mineBlock.minecraft.log":5,"stat.pickup.minecraft.sugar":2,"stat.deaths":3,"stat.pickup.minecraft.egg":6,"stat.mineBlock.minecraft.leaves":1,"stat.playOneMinute":51340,"stat.pickup.minecraft.torch":5,"stat.sneakTime":7787,"stat.craftItem.minecraft.iron_pickaxe":1,"stat.killEntity.Zombie":3,"stat.useItem.minecraft.wooden_axe":25,"stat.mineBlock.minecraft.stone":48,"stat.mineBlock.minecraft.tallgrass":41,"stat.diveOneCm":1105}