{"stat.pickup.sapturretmod.ammo_tipped_bolt":422,"stat.leaveGame":1,"stat.pickup.minecraft.arrow":1,"stat.useItem.minecraft.glass_bottle":17,"stat.useItem.minecraft.chicken":2,"stat.useItem.minecraft.potion":17,"stat.swimOneCm":2814,"stat.jump":692,"stat.fallOneCm":19971,"stat.useItem.minecraft.planks":2,"stat.pickup.minecraft.cooked_porkchop":38,"stat.crouchOneCm":6244,"stat.pickup.minecraft.dirt":16,"stat.useItem.minecraft.dirt":2,"stat.useItem.minecraft.stone_slab2":4,"stat.craftingTableInteraction":7,"stat.pickup.minecraft.rotten_flesh":2,"stat.craftItem.minecraft.stone_axe":1,"stat.damageTaken":930,"stat.pickup.minecraft.feather":12,"stat.pickup.minecraft.leather":6,"stat.craftItem.minecraft.stone_pickaxe":1,"stat.pickup.minecraft.cobblestone":14,"stat.flyOneCm":110163,"stat.pickup.minecraft.wheat_seeds":5,"stat.useItem.minecraft.stone_pickaxe":11,"stat.damageDealt":1211,"stat.timeSinceDeath":400,"stat.killEntity.Cow":5,"stat.mineBlock.minecraft.dirt":16,"stat.walkOneCm":46916,"stat.craftItem.minecraft.crafting_table":1,"stat.useItem.minecraft.cooked_porkchop":3,"stat.mineBlock.minecraft.double_plant":4,"stat.pickup.minecraft.log":6,"stat.pickup.minecraft.beef":12,"stat.pickup.minecraft.chicken":6,"stat.sprintOneCm":48113,"stat.craftItem.minecraft.stick":8,"stat.craftItem.minecraft.wooden_axe":1,"stat.craftItem.minecraft.planks":24,"stat.pickup.minecraft.potion":16,"stat.killEntity.Chicken":6,"stat.drop.sapturretmod.ammo_tipped_bolt":132,"stat.mobKills":15,"stat.mineBlock.minecraft.log":6,"stat.deaths":3,"stat.drop":4,"stat.mineBlock.minecraft.leaves":5,"stat.pickup.minecraft.egg":3,"stat.playOneMinute":28844,"stat.drop.tombstone.grave_key":1,"stat.pickup.tombstone.grave_key":1,"stat.sneakTime":2990,"stat.useItem.minecraft.wooden_axe":18,"stat.mineBlock.minecraft.stone":11,"stat.mineBlock.minecraft.tallgrass":6,"stat.diveOneCm":4770}