{"stat.pickup.sapturretmod.ammo_tipped_bolt":422,"stat.leaveGame":2,"stat.pickup.minecraft.arrow":1,"stat.pickup.minecraft.waterlily":3,"stat.useItem.minecraft.glass_bottle":17,"stat.useItem.minecraft.chicken":2,"stat.useItem.minecraft.potion":17,"stat.useItem.minecraft.mutton":5,"stat.swimOneCm":9573,"stat.jump":1125,"stat.fallOneCm":29223,"stat.useItem.minecraft.planks":2,"stat.climbOneCm":825,"stat.pickup.minecraft.cooked_porkchop":38,"stat.crouchOneCm":12102,"stat.pickup.minecraft.dirt":21,"stat.useItem.minecraft.dirt":4,"stat.useItem.minecraft.stone_slab2":8,"stat.craftingTableInteraction":8,"stat.pickup.minecraft.rotten_flesh":3,"stat.craftItem.minecraft.stone_axe":1,"tombstone:sneak_grave":1,"stat.damageTaken":1919,"stat.pickup.minecraft.feather":12,"stat.pickup.minecraft.leather":6,"stat.craftItem.minecraft.stone_pickaxe":1,"stat.pickup.minecraft.cobblestone":14,"stat.flyOneCm":212064,"stat.pickup.minecraft.wheat_seeds":7,"stat.useItem.minecraft.stone_pickaxe":11,"stat.damageDealt":2286,"stat.timeSinceDeath":4037,"stat.killEntity.Cow":5,"stat.mineBlock.minecraft.dirt":21,"stat.pickup.minecraft.mutton":16,"stat.walkOneCm":65435,"stat.craftItem.minecraft.crafting_table":2,"stat.useItem.minecraft.cooked_porkchop":3,"stat.mineBlock.minecraft.double_plant":7,"stat.pickup.minecraft.log":10,"stat.pickup.minecraft.beef":12,"stat.entityKilledBy.Skeleton":1,"stat.pickup.minecraft.chicken":6,"stat.sprintOneCm":91492,"stat.craftItem.minecraft.stick":12,"stat.craftItem.minecraft.wooden_axe":2,"stat.craftItem.minecraft.planks":40,"stat.pickup.minecraft.potion":16,"stat.killEntity.Chicken":6,"stat.drop.sapturretmod.ammo_tipped_bolt":132,"stat.mobKills":27,"stat.mineBlock.minecraft.log":10,"stat.mineBlock.minecraft.waterlily":4,"stat.deaths":7,"stat.drop":7,"stat.mineBlock.minecraft.leaves":7,"stat.pickup.minecraft.egg":3,"stat.playOneMinute":41121,"stat.drop.tombstone.grave_key":4,"stat.killEntity.Sheep":11,"stat.pickup.tombstone.grave_key":1,"stat.sneakTime":5363,"stat.useItem.minecraft.wooden_axe":35,"stat.mineBlock.minecraft.stone":11,"stat.mineBlock.minecraft.tallgrass":24,"stat.diveOneCm":33296}