{"stat.leaveGame":1,"stat.useItem.minecraft.glass_bottle":36,"stat.useItem.minecraft.chicken":3,"stat.useItem.minecraft.potion":36,"stat.jump":729,"stat.swimOneCm":5326,"stat.pickup.minecraft.coal":22,"stat.fallOneCm":21907,"stat.pickup.minecraft.iron_ingot":2,"stat.pickup.minecraft.cooked_porkchop":69,"stat.useItem.minecraft.stone_axe":51,"stat.mineBlock.quark.roots":1,"stat.crouchOneCm":16008,"stat.craftItem.minecraft.iron_ingot":3,"stat.pickup.minecraft.dirt":1,"stat.useItem.minecraft.stone_slab2":5,"stat.craftingTableInteraction":7,"stat.pickup.minecraft.iron_ore":5,"stat.pickup.minecraft.rotten_flesh":2,"stat.craftItem.minecraft.furnace":1,"stat.useItem.minecraft.egg":2,"stat.craftItem.minecraft.stone_axe":1,"stat.mineBlock.minecraft.log2":14,"stat.pickup.minecraft.wooden_pickaxe":1,"stat.pickup.minecraft.leather":3,"stat.pickup.minecraft.feather":36,"stat.damageTaken":1213,"stat.craftItem.minecraft.stone_pickaxe":1,"stat.mineBlock.minecraft.furnace":1,"stat.useItem.minecraft.wooden_pickaxe":16,"stat.pickup.minecraft.cobblestone":21,"stat.pickup.minecraft.log2":14,"stat.flyOneCm":140124,"tombstone:undead_killed":2,"stat.pickup.minecraft.wheat_seeds":3,"stat.useItem.minecraft.stone_pickaxe":26,"stat.damageDealt":2179,"stat.mineBlock.minecraft.iron_ore":5,"stat.timeSinceDeath":30253,"stat.killEntity.Cow":4,"stat.mineBlock.minecraft.dirt":1,"stat.craftItem.minecraft.wooden_pickaxe":1,"stat.walkOneCm":58288,"stat.pickup.minecraft.crafting_table":1,"stat.useItem.minecraft.cobblestone":6,"stat.craftItem.minecraft.crafting_table":2,"stat.furnaceInteraction":5,"stat.useItem.minecraft.cooked_porkchop":12,"stat.mineBlock.minecraft.double_plant":2,"stat.mineBlock.minecraft.coal_ore":16,"stat.pickup.minecraft.log":5,"stat.pickup.minecraft.beef":6,"stat.pickup.minecraft.furnace":1,"stat.craftItem.minecraft.stone_slab2":0,"stat.pickup.minecraft.chicken":17,"stat.sprintOneCm":54604,"stat.craftItem.minecraft.stick":12,"stat.craftItem.minecraft.wooden_axe":1,"stat.pickup.tombstone.magic_scroll":1,"stat.useItem.tombstone.magic_scroll":4,"stat.craftItem.minecraft.planks":72,"stat.pickup.minecraft.potion":1,"stat.killEntity.Chicken":11,"stat.mineBlock.minecraft.crafting_table":1,"stat.mobKills":21,"stat.mineBlock.minecraft.log":5,"stat.pickup.minecraft.egg":6,"stat.mineBlock.minecraft.leaves":1,"stat.playOneMinute":30253,"stat.sneakTime":4654,"stat.craftItem.minecraft.iron_pickaxe":1,"stat.killEntity.Zombie":2,"stat.useItem.minecraft.wooden_axe":25,"stat.mineBlock.minecraft.stone":20,"stat.mineBlock.minecraft.tallgrass":25,"stat.diveOneCm":977}