{"stat.pickup.minecraft.rotten_flesh":6,"stat.walkOneCm":4184,"stat.killEntity.Chicken":1,"stat.leaveGame":1,"stat.pickup.minecraft.feather":1,"stat.damageTaken":120,"stat.mineBlock.minecraft.double_plant":3,"stat.mobKills":8,"stat.useItem.minecraft.diamond_sword":25,"stat.pickup.minecraft.spawn_egg":1,"stat.flyOneCm":21748,"stat.pickup.minecraft.wheat_seeds":1,"stat.jump":23,"stat.playOneMinute":4477,"stat.fallOneCm":818,"stat.damageDealt":742,"stat.pickup.minecraft.chicken":1,"stat.killEntity.Zombie":5,"stat.timeSinceDeath":4477,"stat.pickup.minecraft.dirt":6,"stat.useItem.minecraft.dirt":5,"stat.sprintOneCm":2799,"stat.mineBlock.minecraft.dirt":6,"stat.useItem.minecraft.spawn_egg":7,"stat.useItem.minecraft.stone_slab2":1,"stat.mineBlock.minecraft.tallgrass":9}